link,title
/eby/npo/4688592260.html,!~!~!~!~!STOMP OUT THE DROUGHT with Clean Water Action!!!!!
/eby/npo/4688484819.html,☮Fight for GAY RIGHTS with HRC! ☮ Hiring Now! Call 510-981-8190
/eby/npo/4688361331.html,**CAMPAIGN JOBS WITH CALPIRG!** AVG $10-15/HR FIGHTING FACTORY FARMS!!
/eby/npo/4688287994.html,Development Professional -- Director or Manager Level
/nby/npo/4688270079.html,Direct Support Professional-DSP- Weekday shift - Rohnert Park
/nby/npo/4688246016.html,PRNSA Bookstore Shipping & Receiving Position
/scz/npo/4687574335.html,Supportive Services for Veteran Families Outreach Worker
/scz/npo/4687565042.html,Residential Services/ Daytime Essential Services Center Case Manager
/scz/npo/4687559053.html,Veteran Housing Case Manager Position Available Immediately
/sfc/npo/4687511956.html,▍▍BAN FRACKING IN CA! ▍▍FULL AND PART-TIME JOBS $11-16/h
/nby/npo/4687449008.html,Major Gifts / Development Professional
/sfc/npo/4687429782.html,Web and Production Assistant
/nby/npo/4687414018.html,Clinical Supervisor/MFT or LSW
/nby/npo/4687410513.html,***CLINICIAN - Therapist/Social Worker***
/nby/npo/4687409360.html,House Manager-Group Home
/nby/npo/4687408117.html,COUNSELING - Residential Counselor
/eby/npo/4687405892.html,**CAMPAIGN JOBS WITH CALPIRG!** AVG $10-15/HR FIGHTING FACTORY FARMS!!
/eby/npo/4687401029.html,Program Director - School Based Program!
/pen/npo/4687399980.html,Housekeepers On-Call Immediately Available
/eby/npo/4687399701.html,Therapeutic Behavioral Services (TBS) Clinician
/sfc/npo/4687398012.html,PROGRAM PARTNERSHIPS MANAGER
/sby/npo/4687382921.html,"Enrollment & Data Specialist, CalWORKs Housing"
/sfc/npo/4687375258.html,"CHAMPSS Program Coordinator (PT 30 hr/week, bilingual in Cantonese)"
/sby/npo/4687373280.html,Personal Assistant- Independent Living Skills Program
/pen/npo/4687350815.html,Region Managers
/sfc/npo/4687349683.html,Bilingual Case Manager (Bilingual Spanish/English)
/eby/npo/4687348613.html,Covered CA Healthcare Enrollment Specialist-Bilingual Spanish/English
/eby/npo/4687348023.html,FT Covered CA Healthcare Enrollment and Retention Project Coordinator 
/pen/npo/4687345239.html,Receptionist
/eby/npo/4687343575.html,1:1 SPECIALIST TO WORK WITH DD CHILD
/eby/npo/4687326250.html,Satellite Office Quality Assurance Analyst
/sfc/npo/4687324195.html,Bilingual Social Worker (Spanish/English)
/sby/npo/4687322329.html,Environmental Outreach and Urban Forestry Specialist
/eby/npo/4687321719.html,Clinical Manager - Wraparound Program
/nby/npo/4687311886.html,COUNSELOR...A New Direction Makes A Difference
/eby/npo/4687291960.html,Supported Living Tri-Valley...You Will Love This Work 
/eby/npo/4687288490.html,Make a Difference as a Community Living Assistant 
/eby/npo/4687280860.html,Program Associate
/eby/npo/4687265843.html,❤〓❤HIRING NOW: Jobs to END LGBTQ DISCRIMINATION! $10-$15/hr
/eby/npo/4687265792.html,PERSONAL SERVICES COORDINATOR - $22.50-30.00/hour
/eby/npo/4687264010.html,PROGRAM MANAGER 
/eby/npo/4687261799.html,PEER COUNSELOR/FAMILY PARTNER
/eby/npo/4687260035.html,PEER COUNSELOR/FAMILY PARTNER
/sfc/npo/4687254493.html,Registered Nurse Overnights Shifts 
/nby/npo/4687230740.html,Bi-lingual Community Counselor
/eby/npo/4687225927.html,Licensed School-based Mental Health Clinician
/eby/npo/4687210464.html,Academic Advisor/First-Year Specialist
/eby/npo/4687191827.html,EPSDT Licensed Counselor
/nby/npo/4687180488.html,"Staff Accountant, Part Time"
/sfc/npo/4687156452.html,Human Resource Manager
/scz/npo/4687150502.html,Warehouse Assistant
/eby/npo/4687145078.html,Girls Inc. of Alameda County Fitness Program Leader
/eby/npo/4687144933.html,Respite Provider for Developmentally Disabled Client in Montclair
/eby/npo/4687141367.html,In-Home Day Program and Respite Providers
/sfc/npo/4687124680.html,Relief Residental Counselor
/sby/npo/4687110208.html,Driver (Commercial Class B) -- Youth Organization
/sby/npo/4687106669.html,Group Home Counselor 
/eby/npo/4687086321.html,Program Director
/pen/npo/4687084432.html,Program Director
/sfc/npo/4687062839.html,Customer Advocate for the Arts
/sfc/npo/4687058212.html,Technical Support Expert
/pen/npo/4687030916.html,Independent Living Skills Counselor
/sfc/npo/4686998023.html,LCSW/Psychologist
/sfc/npo/4686944993.html,Job Coach
/eby/npo/4686940971.html,PROGRAM ASSISTANT
/scz/npo/4686939679.html,Case Manager
/nby/npo/4686930315.html,Housing Coordinator - Supportive Housing
/sfc/npo/4686930097.html,Are you our Operations Manager with a passion for the arts? DL: 9/30
/nby/npo/4686929689.html,Childcare Provider
/scz/npo/4686925060.html,Direct Service Professional (DSP)
/nby/npo/4686924569.html,Housing Manager
/nby/npo/4686923866.html,Zero Breast Cancer Executive Director
/eby/npo/4686923389.html,**FULL AND PART-TIME ACTIVIST JOBS! FIGHT FACTORY FARMS! AVG $10-15/HR
/pen/npo/4686917882.html,Direct Support Professional
/pen/npo/4686908960.html,Administrative Coordinator & Trainer (ACT)
/pen/npo/4686903480.html,Part Time Counselor
/scz/npo/4686902494.html,★DO SOMETHING YOU LOVE. FIGHT FOR A CAUSE YOU BELIEVE IN! $1600-$2500
/eby/npo/4686902452.html,◄ PRO-CHOICE? Check. WANNA BE AN ACTIVIST? Check. NEED A JOB? Check!
/sfc/npo/4686899955.html,Director of Social Services 
/eby/npo/4686898222.html,San Francisco County Manager
/eby/npo/4686895934.html,Development Officer: Communications and Individual Donors 
/sfc/npo/4686891318.html,ILSP Employment and Education Specialist (Spanish Speaking Required)
/eby/npo/4686886760.html,Assistant Director for Solano Region
/eby/npo/4686884034.html,Assistant Director for Solano Region
/nby/npo/4686875525.html,Substance Abuse Counselor
/nby/npo/4686871401.html,Parenting Educator/Family Advocate
/nby/npo/4686868597.html, Community Case Managers
/nby/npo/4686849878.html,Executive Director
/nby/npo/4686839552.html,Temporary Data Assistant 
/nby/npo/4686838575.html,Part Time Payroll Position
/eby/npo/4686835794.html,Job Developer/Vocational Counselor
/nby/npo/4686834984.html,Housing Case Management Coordinator:
/pen/npo/4686833827.html,Opportunities for Experienced Licensed Clinical Supervisors!
/pen/npo/4686831775.html,Peer Partner - TAY
/pen/npo/4686826734.html,Family Support Coordinator - TAY
/pen/npo/4686816913.html,Bilingual (Spanish-English) Family Partner II - TAY
/pen/npo/4686815784.html,Bilingual Clinician (Spanish) - TAY
/pen/npo/4686814369.html,Per Diem Bilingual (Spanish) Clinician - Kinship
/sfc/npo/4686813310.html,Overnight Crisis Triage Clinician 
/pen/npo/4686802007.html,Behavior Support Specialist - SM TBS
